,캐릭터 ID,레벨,공격력,방어력,체력,공격속도,치명타 확률(%),치명타 피해량(%),치명 피해 감소(%),럭키샷 확률(%),럭키샷 피해량(%),받는 피해 감소(%),초당 체력 회복(%),회복량(%),생명력 흡수(%),골드 획득량 증가(%),가하는 피해량 증가(%),모든 속성 피해량 증가(%),일반 몬스터에게 가하는 피해량 증가(%),재사용 대기시간 감소(%),스킬 피해량 증가(%),스킬 피해량 감소(%),보스에게 가하는 피해량 증가(%),스턴(%),스턴 저항(%),다중 타격(%),반격(%),스킬 치명(%),다중 타격 피해(%),다중 타격 피해 감소(%),반격 피해(%),반격 피해 감소(%),스킬 치명 피해(%),회피(%),명중(%)
int,int,int,int,int,int,float,float,float,float,float,float,float,float,float,float,float,float,float,float,float,float,float,float,float,float,float,float,float,float,float,float,float,float,float,float
cha_lv_id,cha_id,cha_level,cha_attack,cha_defense,cha_hp,cha_attack_speed,cha_criticalchance,cha_criticaldamage,cha_criticaldamagereduction,cha_luckychance,cha_luckydamage,cha_damagetakenreduction,cha_hpregenpersecond,cha_hpregenamount,cha_lifesteal,cha_goldgainincrease,cha_damageincrease,cha_alldamageincrease,cha_normalmonsterdamageincrease,cha_cooldownreduction,cha_skilldamageincrease,cha_skilldamagereduction,cha_bossdamageincrease,cha_stun,cha_stunresistance,cha_multihit,cha_counterattack,cha_skillcritical,cha_multihitdamage,cha_multihitdamagereduction,cha_counterattackdamage,cha_counterattackdamagereduction,cha_skillcriticaldamage,cha_evasion,cha_accuracy
1111001,1111,1,100,50,10000,2.00,0,100,100,0,150,0,0,0,0,0,0,0,0,0,0,0,0,0,0,0,30,0,100,0,100,0,100,0,0
1111002,1111,2,101,158,10169,2.00,0,100,100,0,150,0,0,0,0,0,0,0,0,0,0,0,0,0,0,0,30,0,100,0,100,0,100,0,0
1111003,1111,3,103,268,10457,2.00,0,100,100,0,150,0,0,0,0,0,0,0,0,0,0,0,0,0,0,0,30,0,100,0,100,0,100,0,0
1111004,1111,4,106,381,10867,2.00,0,100,100,0,150,0,0,0,0,0,0,0,0,0,0,0,0,0,0,0,30,0,100,0,100,0,100,0,0
1111005,1111,5,110,498,11403,2.00,0,100,100,0,150,0,0,0,0,0,0,0,0,0,0,0,0,0,0,0,30,0,100,0,100,0,100,0,0
1111006,1111,6,115,621,12072,2.00,0,100,100,0,150,0,0,0,0,0,0,0,0,0,0,0,0,0,0,0,30,0,100,0,100,0,100,0,0
1111007,1111,7,121,750,12880,2.00,0,100,100,0,150,0,0,0,0,0,0,0,0,0,0,0,0,0,0,0,30,0,100,0,100,0,100,0,0
1111008,1111,8,128,887,13836,2.00,0,100,100,0,150,0,0,0,0,0,0,0,0,0,0,0,0,0,0,0,30,0,100,0,100,0,100,0,0
1111009,1111,9,136,1032,14949,2.00,0,100,100,0,150,0,0,0,0,0,0,0,0,0,0,0,0,0,0,0,30,0,100,0,100,0,100,0,0
1111010,1111,10,145,1187,16229,2.00,0,100,100,0,150,0,0,0,0,0,0,0,0,0,0,0,0,0,0,0,30,0,100,0,100,0,100,0,0
1111011,1111,11,155,1353,17689,2.00,0,100,100,0,150,0,0,0,0,0,0,0,0,0,0,0,0,0,0,0,30,0,100,0,100,0,100,0,0
1111012,1111,12,166,1531,19341,2.00,0,100,100,0,150,0,0,0,0,0,0,0,0,0,0,0,0,0,0,0,30,0,100,0,100,0,100,0,0
1111013,1111,13,178,1722,21199,2.00,0,100,100,0,150,0,0,0,0,0,0,0,0,0,0,0,0,0,0,0,30,0,100,0,100,0,100,0,0
1111014,1111,14,192,1928,23280,2.00,0,100,100,0,150,0,0,0,0,0,0,0,0,0,0,0,0,0,0,0,30,0,100,0,100,0,100,0,0
1111015,1111,15,207,2150,25600,2.00,0,100,100,0,150,0,0,0,0,0,0,0,0,0,0,0,0,0,0,0,30,0,100,0,100,0,100,0,0
1111016,1111,16,223,2389,28179,2.00,0,100,100,0,150,0,0,0,0,0,0,0,0,0,0,0,0,0,0,0,30,0,100,0,100,0,100,0,0
1111017,1111,17,240,2647,31036,2.00,0,100,100,0,150,0,0,0,0,0,0,0,0,0,0,0,0,0,0,0,30,0,100,0,100,0,100,0,0
1111018,1111,18,258,2924,34192,2.00,0,100,100,0,150,0,0,0,0,0,0,0,0,0,0,0,0,0,0,0,30,0,100,0,100,0,100,0,0
1111019,1111,19,277,3222,37670,2.00,0,100,100,0,150,0,0,0,0,0,0,0,0,0,0,0,0,0,0,0,30,0,100,0,100,0,100,0,0
1111020,1111,20,297,3541,41493,2.00,0,100,100,0,150,0,0,0,0,0,0,0,0,0,0,0,0,0,0,0,30,0,100,0,100,0,100,0,0
1111021,1111,21,318,3883,45685,2.00,0,100,100,0,150,0,0,0,0,0,0,0,0,0,0,0,0,0,0,0,30,0,100,0,100,0,100,0,0
1111022,1111,22,340,4249,50272,2.00,0,100,100,0,150,0,0,0,0,0,0,0,0,0,0,0,0,0,0,0,30,0,100,0,100,0,100,0,0
1111023,1111,23,363,4639,55281,2.00,0,100,100,0,150,0,0,0,0,0,0,0,0,0,0,0,0,0,0,0,30,0,100,0,100,0,100,0,0
1111024,1111,24,387,5055,60739,2.00,0,100,100,0,150,0,0,0,0,0,0,0,0,0,0,0,0,0,0,0,30,0,100,0,100,0,100,0,0
1111025,1111,25,412,5498,66675,2.00,0,100,100,0,150,0,0,0,0,0,0,0,0,0,0,0,0,0,0,0,30,0,100,0,100,0,100,0,0
1111026,1111,26,439,5971,73122,2.00,0,100,100,0,150,0,0,0,0,0,0,0,0,0,0,0,0,0,0,0,30,0,100,0,100,0,100,0,0
1111027,1111,27,467,6474,80112,2.00,0,100,100,0,150,0,0,0,0,0,0,0,0,0,0,0,0,0,0,0,30,0,100,0,100,0,100,0,0
1111028,1111,28,496,7008,87679,2.00,0,100,100,0,150,0,0,0,0,0,0,0,0,0,0,0,0,0,0,0,30,0,100,0,100,0,100,0,0
1111029,1111,29,526,7575,95858,2.00,0,100,100,0,150,0,0,0,0,0,0,0,0,0,0,0,0,0,0,0,30,0,100,0,100,0,100,0,0
1111030,1111,30,557,8175,104685,2.00,0,100,100,0,150,0,0,0,0,0,0,0,0,0,0,0,0,0,0,0,30,0,100,0,100,0,100,0,0
1111031,1111,31,589,8810,114198,2.00,0,100,100,0,150,0,0,0,0,0,0,0,0,0,0,0,0,0,0,0,30,0,100,0,100,0,100,0,0
1111032,1111,32,622,9480,124435,2.00,0,100,100,0,150,0,0,0,0,0,0,0,0,0,0,0,0,0,0,0,30,0,100,0,100,0,100,0,0
1111033,1111,33,656,10187,135435,2.00,0,100,100,0,150,0,0,0,0,0,0,0,0,0,0,0,0,0,0,0,30,0,100,0,100,0,100,0,0
1111034,1111,34,691,10932,147240,2.00,0,100,100,0,150,0,0,0,0,0,0,0,0,0,0,0,0,0,0,0,30,0,100,0,100,0,100,0,0
1111035,1111,35,727,11716,159892,2.00,0,100,100,0,150,0,0,0,0,0,0,0,0,0,0,0,0,0,0,0,30,0,100,0,100,0,100,0,0
1111036,1111,36,764,12540,173434,2.00,0,100,100,0,150,0,0,0,0,0,0,0,0,0,0,0,0,0,0,0,30,0,100,0,100,0,100,0,0
1111037,1111,37,802,13405,187910,2.00,0,100,100,0,150,0,0,0,0,0,0,0,0,0,0,0,0,0,0,0,30,0,100,0,100,0,100,0,0
1111038,1111,38,841,14312,203365,2.00,0,100,100,0,150,0,0,0,0,0,0,0,0,0,0,0,0,0,0,0,30,0,100,0,100,0,100,0,0
1111039,1111,39,882,15263,219847,2.00,0,100,100,0,150,0,0,0,0,0,0,0,0,0,0,0,0,0,0,0,30,0,100,0,100,0,100,0,0
1111040,1111,40,924,16259,237405,2.00,0,100,100,0,150,0,0,0,0,0,0,0,0,0,0,0,0,0,0,0,30,0,100,0,100,0,100,0,0
1111041,1111,41,967,17302,256090,2.00,0,100,100,0,150,0,0,0,0,0,0,0,0,0,0,0,0,0,0,0,30,0,100,0,100,0,100,0,0
1111042,1111,42,1011,18392,275952,2.00,0,100,100,0,150,0,0,0,0,0,0,0,0,0,0,0,0,0,0,0,30,0,100,0,100,0,100,0,0
1111043,1111,43,1056,19531,297044,2.00,0,100,100,0,150,0,0,0,0,0,0,0,0,0,0,0,0,0,0,0,30,0,100,0,100,0,100,0,0
1111044,1111,44,1102,20720,319420,2.00,0,100,100,0,150,0,0,0,0,0,0,0,0,0,0,0,0,0,0,0,30,0,100,0,100,0,100,0,0
1111045,1111,45,1149,21959,343134,2.00,0,100,100,0,150,0,0,0,0,0,0,0,0,0,0,0,0,0,0,0,30,0,100,0,100,0,100,0,0
1111046,1111,46,1197,23250,368242,2.00,0,100,100,0,150,0,0,0,0,0,0,0,0,0,0,0,0,0,0,0,30,0,100,0,100,0,100,0,0
1111047,1111,47,1246,24594,394802,2.00,0,100,100,0,150,0,0,0,0,0,0,0,0,0,0,0,0,0,0,0,30,0,100,0,100,0,100,0,0
1111048,1111,48,1296,25992,422872,2.00,0,100,100,0,150,0,0,0,0,0,0,0,0,0,0,0,0,0,0,0,30,0,100,0,100,0,100,0,0
1111049,1111,49,1347,27445,452511,2.00,0,100,100,0,150,0,0,0,0,0,0,0,0,0,0,0,0,0,0,0,30,0,100,0,100,0,100,0,0
1111050,1111,50,1399,28954,483780,2.00,0,100,100,0,150,0,0,0,0,0,0,0,0,0,0,0,0,0,0,0,30,0,100,0,100,0,100,0,0
1121001,1121,1,100,50,10000,2.00,0,100,100,0,150,0,0,0,0,0,0,0,0,0,0,0,0,0,0,0,30,0,100,0,100,0,100,0,0
1121002,1121,2,101,158,10169,2.00,0,100,100,0,150,0,0,0,0,0,0,0,0,0,0,0,0,0,0,0,30,0,100,0,100,0,100,0,0
1121003,1121,3,103,268,10457,2.00,0,100,100,0,150,0,0,0,0,0,0,0,0,0,0,0,0,0,0,0,30,0,100,0,100,0,100,0,0
1121004,1121,4,106,381,10867,2.00,0,100,100,0,150,0,0,0,0,0,0,0,0,0,0,0,0,0,0,0,30,0,100,0,100,0,100,0,0
1121005,1121,5,110,498,11403,2.00,0,100,100,0,150,0,0,0,0,0,0,0,0,0,0,0,0,0,0,0,30,0,100,0,100,0,100,0,0
1121006,1121,6,115,621,12072,2.00,0,100,100,0,150,0,0,0,0,0,0,0,0,0,0,0,0,0,0,0,30,0,100,0,100,0,100,0,0
1121007,1121,7,121,750,12880,2.00,0,100,100,0,150,0,0,0,0,0,0,0,0,0,0,0,0,0,0,0,30,0,100,0,100,0,100,0,0
1121008,1121,8,128,887,13836,2.00,0,100,100,0,150,0,0,0,0,0,0,0,0,0,0,0,0,0,0,0,30,0,100,0,100,0,100,0,0
1121009,1121,9,136,1032,14949,2.00,0,100,100,0,150,0,0,0,0,0,0,0,0,0,0,0,0,0,0,0,30,0,100,0,100,0,100,0,0
1121010,1121,10,145,1187,16229,2.00,0,100,100,0,150,0,0,0,0,0,0,0,0,0,0,0,0,0,0,0,30,0,100,0,100,0,100,0,0
1121011,1121,11,155,1353,17689,2.00,0,100,100,0,150,0,0,0,0,0,0,0,0,0,0,0,0,0,0,0,30,0,100,0,100,0,100,0,0
1121012,1121,12,166,1531,19341,2.00,0,100,100,0,150,0,0,0,0,0,0,0,0,0,0,0,0,0,0,0,30,0,100,0,100,0,100,0,0
1121013,1121,13,178,1722,21199,2.00,0,100,100,0,150,0,0,0,0,0,0,0,0,0,0,0,0,0,0,0,30,0,100,0,100,0,100,0,0
1121014,1121,14,192,1928,23280,2.00,0,100,100,0,150,0,0,0,0,0,0,0,0,0,0,0,0,0,0,0,30,0,100,0,100,0,100,0,0
1121015,1121,15,207,2150,25600,2.00,0,100,100,0,150,0,0,0,0,0,0,0,0,0,0,0,0,0,0,0,30,0,100,0,100,0,100,0,0
1121016,1121,16,223,2389,28179,2.00,0,100,100,0,150,0,0,0,0,0,0,0,0,0,0,0,0,0,0,0,30,0,100,0,100,0,100,0,0
1121017,1121,17,240,2647,31036,2.00,0,100,100,0,150,0,0,0,0,0,0,0,0,0,0,0,0,0,0,0,30,0,100,0,100,0,100,0,0
1121018,1121,18,258,2924,34192,2.00,0,100,100,0,150,0,0,0,0,0,0,0,0,0,0,0,0,0,0,0,30,0,100,0,100,0,100,0,0
1121019,1121,19,277,3222,37670,2.00,0,100,100,0,150,0,0,0,0,0,0,0,0,0,0,0,0,0,0,0,30,0,100,0,100,0,100,0,0
1121020,1121,20,297,3541,41493,2.00,0,100,100,0,150,0,0,0,0,0,0,0,0,0,0,0,0,0,0,0,30,0,100,0,100,0,100,0,0
1121021,1121,21,318,3883,45685,2.00,0,100,100,0,150,0,0,0,0,0,0,0,0,0,0,0,0,0,0,0,30,0,100,0,100,0,100,0,0
1121022,1121,22,340,4249,50272,2.00,0,100,100,0,150,0,0,0,0,0,0,0,0,0,0,0,0,0,0,0,30,0,100,0,100,0,100,0,0
1121023,1121,23,363,4639,55281,2.00,0,100,100,0,150,0,0,0,0,0,0,0,0,0,0,0,0,0,0,0,30,0,100,0,100,0,100,0,0
1121024,1121,24,387,5055,60739,2.00,0,100,100,0,150,0,0,0,0,0,0,0,0,0,0,0,0,0,0,0,30,0,100,0,100,0,100,0,0
1121025,1121,25,412,5498,66675,2.00,0,100,100,0,150,0,0,0,0,0,0,0,0,0,0,0,0,0,0,0,30,0,100,0,100,0,100,0,0
1121026,1121,26,439,5971,73122,2.00,0,100,100,0,150,0,0,0,0,0,0,0,0,0,0,0,0,0,0,0,30,0,100,0,100,0,100,0,0
1121027,1121,27,467,6474,80112,2.00,0,100,100,0,150,0,0,0,0,0,0,0,0,0,0,0,0,0,0,0,30,0,100,0,100,0,100,0,0
1121028,1121,28,496,7008,87679,2.00,0,100,100,0,150,0,0,0,0,0,0,0,0,0,0,0,0,0,0,0,30,0,100,0,100,0,100,0,0
1121029,1121,29,526,7575,95858,2.00,0,100,100,0,150,0,0,0,0,0,0,0,0,0,0,0,0,0,0,0,30,0,100,0,100,0,100,0,0
1121030,1121,30,557,8175,104685,2.00,0,100,100,0,150,0,0,0,0,0,0,0,0,0,0,0,0,0,0,0,30,0,100,0,100,0,100,0,0
1121031,1121,31,589,8810,114198,2.00,0,100,100,0,150,0,0,0,0,0,0,0,0,0,0,0,0,0,0,0,30,0,100,0,100,0,100,0,0
1121032,1121,32,622,9480,124435,2.00,0,100,100,0,150,0,0,0,0,0,0,0,0,0,0,0,0,0,0,0,30,0,100,0,100,0,100,0,0
1121033,1121,33,656,10187,135435,2.00,0,100,100,0,150,0,0,0,0,0,0,0,0,0,0,0,0,0,0,0,30,0,100,0,100,0,100,0,0
1121034,1121,34,691,10932,147240,2.00,0,100,100,0,150,0,0,0,0,0,0,0,0,0,0,0,0,0,0,0,30,0,100,0,100,0,100,0,0
1121035,1121,35,727,11716,159892,2.00,0,100,100,0,150,0,0,0,0,0,0,0,0,0,0,0,0,0,0,0,30,0,100,0,100,0,100,0,0
1121036,1121,36,764,12540,173434,2.00,0,100,100,0,150,0,0,0,0,0,0,0,0,0,0,0,0,0,0,0,30,0,100,0,100,0,100,0,0
1121037,1121,37,802,13405,187910,2.00,0,100,100,0,150,0,0,0,0,0,0,0,0,0,0,0,0,0,0,0,30,0,100,0,100,0,100,0,0
1121038,1121,38,841,14312,203365,2.00,0,100,100,0,150,0,0,0,0,0,0,0,0,0,0,0,0,0,0,0,30,0,100,0,100,0,100,0,0
1121039,1121,39,882,15263,219847,2.00,0,100,100,0,150,0,0,0,0,0,0,0,0,0,0,0,0,0,0,0,30,0,100,0,100,0,100,0,0
1121040,1121,40,924,16259,237405,2.00,0,100,100,0,150,0,0,0,0,0,0,0,0,0,0,0,0,0,0,0,30,0,100,0,100,0,100,0,0
1121041,1121,41,967,17302,256090,2.00,0,100,100,0,150,0,0,0,0,0,0,0,0,0,0,0,0,0,0,0,30,0,100,0,100,0,100,0,0
1121042,1121,42,1011,18392,275952,2.00,0,100,100,0,150,0,0,0,0,0,0,0,0,0,0,0,0,0,0,0,30,0,100,0,100,0,100,0,0
1121043,1121,43,1056,19531,297044,2.00,0,100,100,0,150,0,0,0,0,0,0,0,0,0,0,0,0,0,0,0,30,0,100,0,100,0,100,0,0
1121044,1121,44,1102,20720,319420,2.00,0,100,100,0,150,0,0,0,0,0,0,0,0,0,0,0,0,0,0,0,30,0,100,0,100,0,100,0,0
1121045,1121,45,1149,21959,343134,2.00,0,100,100,0,150,0,0,0,0,0,0,0,0,0,0,0,0,0,0,0,30,0,100,0,100,0,100,0,0
1121046,1121,46,1197,23250,368242,2.00,0,100,100,0,150,0,0,0,0,0,0,0,0,0,0,0,0,0,0,0,30,0,100,0,100,0,100,0,0
1121047,1121,47,1246,24594,394802,2.00,0,100,100,0,150,0,0,0,0,0,0,0,0,0,0,0,0,0,0,0,30,0,100,0,100,0,100,0,0
1121048,1121,48,1296,25992,422872,2.00,0,100,100,0,150,0,0,0,0,0,0,0,0,0,0,0,0,0,0,0,30,0,100,0,100,0,100,0,0
1121049,1121,49,1347,27445,452511,2.00,0,100,100,0,150,0,0,0,0,0,0,0,0,0,0,0,0,0,0,0,30,0,100,0,100,0,100,0,0
1121050,1121,50,1399,28954,483780,2.00,0,100,100,0,150,0,0,0,0,0,0,0,0,0,0,0,0,0,0,0,30,0,100,0,100,0,100,0,0
1112001,1112,1,125,20,7500,3.00,0,100,100,0,150,0,0,0,0,0,0,0,0,0,0,0,0,0,0,30,0,0,100,0,100,0,100,0,0
1112002,1112,2,126,155,7666,3.00,0,100,100,0,150,0,0,0,0,0,0,0,0,0,0,0,0,0,0,30,0,0,100,0,100,0,100,0,0
1112003,1112,3,128,292,7980,3.00,0,100,100,0,150,0,0,0,0,0,0,0,0,0,0,0,0,0,0,30,0,0,100,0,100,0,100,0,0
1112004,1112,4,131,432,8445,3.00,0,100,100,0,150,0,0,0,0,0,0,0,0,0,0,0,0,0,0,30,0,0,100,0,100,0,100,0,0
1112005,1112,5,135,576,9066,3.00,0,100,100,0,150,0,0,0,0,0,0,0,0,0,0,0,0,0,0,30,0,0,100,0,100,0,100,0,0
1112006,1112,6,140,726,9849,3.00,0,100,100,0,150,0,0,0,0,0,0,0,0,0,0,0,0,0,0,30,0,0,100,0,100,0,100,0,0
1112007,1112,7,146,882,10800,3.00,0,100,100,0,150,0,0,0,0,0,0,0,0,0,0,0,0,0,0,30,0,0,100,0,100,0,100,0,0
1112008,1112,8,153,1046,11928,3.00,0,100,100,0,150,0,0,0,0,0,0,0,0,0,0,0,0,0,0,30,0,0,100,0,100,0,100,0,0
1112009,1112,9,161,1218,13242,3.00,0,100,100,0,150,0,0,0,0,0,0,0,0,0,0,0,0,0,0,30,0,0,100,0,100,0,100,0,0
1112010,1112,10,170,1400,14752,3.00,0,100,100,0,150,0,0,0,0,0,0,0,0,0,0,0,0,0,0,30,0,0,100,0,100,0,100,0,0
1112011,1112,11,180,1593,16471,3.00,0,100,100,0,150,0,0,0,0,0,0,0,0,0,0,0,0,0,0,30,0,0,100,0,100,0,100,0,0
1112012,1112,12,191,1798,18411,3.00,0,100,100,0,150,0,0,0,0,0,0,0,0,0,0,0,0,0,0,30,0,0,100,0,100,0,100,0,0
1112013,1112,13,203,2016,20587,3.00,0,100,100,0,150,0,0,0,0,0,0,0,0,0,0,0,0,0,0,30,0,0,100,0,100,0,100,0,0
1112014,1112,14,217,2249,23014,3.00,0,100,100,0,150,0,0,0,0,0,0,0,0,0,0,0,0,0,0,30,0,0,100,0,100,0,100,0,0
1112015,1112,15,232,2498,25710,3.00,0,100,100,0,150,0,0,0,0,0,0,0,0,0,0,0,0,0,0,30,0,0,100,0,100,0,100,0,0
1112016,1112,16,248,2764,28694,3.00,0,100,100,0,150,0,0,0,0,0,0,0,0,0,0,0,0,0,0,30,0,0,100,0,100,0,100,0,0
1112017,1112,17,265,3049,31985,3.00,0,100,100,0,150,0,0,0,0,0,0,0,0,0,0,0,0,0,0,30,0,0,100,0,100,0,100,0,0
1112018,1112,18,283,3353,35605,3.00,0,100,100,0,150,0,0,0,0,0,0,0,0,0,0,0,0,0,0,30,0,0,100,0,100,0,100,0,0
1112019,1112,19,302,3678,39576,3.00,0,100,100,0,150,0,0,0,0,0,0,0,0,0,0,0,0,0,0,30,0,0,100,0,100,0,100,0,0
1112020,1112,20,322,4024,43920,3.00,0,100,100,0,150,0,0,0,0,0,0,0,0,0,0,0,0,0,0,30,0,0,100,0,100,0,100,0,0
1112021,1112,21,343,4393,48663,3.00,0,100,100,0,150,0,0,0,0,0,0,0,0,0,0,0,0,0,0,30,0,0,100,0,100,0,100,0,0
1112022,1112,22,365,4786,53830,3.00,0,100,100,0,150,0,0,0,0,0,0,0,0,0,0,0,0,0,0,30,0,0,100,0,100,0,100,0,0
1112023,1112,23,388,5203,59448,3.00,0,100,100,0,150,0,0,0,0,0,0,0,0,0,0,0,0,0,0,30,0,0,100,0,100,0,100,0,0
1112024,1112,24,412,5646,65544,3.00,0,100,100,0,150,0,0,0,0,0,0,0,0,0,0,0,0,0,0,30,0,0,100,0,100,0,100,0,0
1112025,1112,25,437,6116,72148,3.00,0,100,100,0,150,0,0,0,0,0,0,0,0,0,0,0,0,0,0,30,0,0,100,0,100,0,100,0,0
1112026,1112,26,464,6616,79292,3.00,0,100,100,0,150,0,0,0,0,0,0,0,0,0,0,0,0,0,0,30,0,0,100,0,100,0,100,0,0
1112027,1112,27,492,7146,87008,3.00,0,100,100,0,150,0,0,0,0,0,0,0,0,0,0,0,0,0,0,30,0,0,100,0,100,0,100,0,0
1112028,1112,28,521,7707,95330,3.00,0,100,100,0,150,0,0,0,0,0,0,0,0,0,0,0,0,0,0,30,0,0,100,0,100,0,100,0,0
1112029,1112,29,551,8301,104294,3.00,0,100,100,0,150,0,0,0,0,0,0,0,0,0,0,0,0,0,0,30,0,0,100,0,100,0,100,0,0
1112030,1112,30,582,8928,113935,3.00,0,100,100,0,150,0,0,0,0,0,0,0,0,0,0,0,0,0,0,30,0,0,100,0,100,0,100,0,0
1112031,1112,31,614,9590,124291,3.00,0,100,100,0,150,0,0,0,0,0,0,0,0,0,0,0,0,0,0,30,0,0,100,0,100,0,100,0,0
1112032,1112,32,647,10287,135399,3.00,0,100,100,0,150,0,0,0,0,0,0,0,0,0,0,0,0,0,0,30,0,0,100,0,100,0,100,0,0
1112033,1112,33,681,11021,147300,3.00,0,100,100,0,150,0,0,0,0,0,0,0,0,0,0,0,0,0,0,30,0,0,100,0,100,0,100,0,0
1112034,1112,34,716,11793,160035,3.00,0,100,100,0,150,0,0,0,0,0,0,0,0,0,0,0,0,0,0,30,0,0,100,0,100,0,100,0,0
1112035,1112,35,752,12604,173646,3.00,0,100,100,0,150,0,0,0,0,0,0,0,0,0,0,0,0,0,0,30,0,0,100,0,100,0,100,0,0
1112036,1112,36,789,13455,188176,3.00,0,100,100,0,150,0,0,0,0,0,0,0,0,0,0,0,0,0,0,30,0,0,100,0,100,0,100,0,0
1112037,1112,37,827,14347,203669,3.00,0,100,100,0,150,0,0,0,0,0,0,0,0,0,0,0,0,0,0,30,0,0,100,0,100,0,100,0,0
1112038,1112,38,866,15281,220171,3.00,0,100,100,0,150,0,0,0,0,0,0,0,0,0,0,0,0,0,0,30,0,0,100,0,100,0,100,0,0
1112039,1112,39,907,16259,237729,3.00,0,100,100,0,150,0,0,0,0,0,0,0,0,0,0,0,0,0,0,30,0,0,100,0,100,0,100,0,0
1112040,1112,40,949,17282,256392,3.00,0,100,100,0,150,0,0,0,0,0,0,0,0,0,0,0,0,0,0,30,0,0,100,0,100,0,100,0,0
1112041,1112,41,992,18352,276211,3.00,0,100,100,0,150,0,0,0,0,0,0,0,0,0,0,0,0,0,0,30,0,0,100,0,100,0,100,0,0
1112042,1112,42,1036,19469,297236,3.00,0,100,100,0,150,0,0,0,0,0,0,0,0,0,0,0,0,0,0,30,0,0,100,0,100,0,100,0,0
1112043,1112,43,1081,20635,319520,3.00,0,100,100,0,150,0,0,0,0,0,0,0,0,0,0,0,0,0,0,30,0,0,100,0,100,0,100,0,0
1112044,1112,44,1127,21851,343118,3.00,0,100,100,0,150,0,0,0,0,0,0,0,0,0,0,0,0,0,0,30,0,0,100,0,100,0,100,0,0
1112045,1112,45,1174,23117,368083,3.00,0,100,100,0,150,0,0,0,0,0,0,0,0,0,0,0,0,0,0,30,0,0,100,0,100,0,100,0,0
1112046,1112,46,1222,24435,394471,3.00,0,100,100,0,150,0,0,0,0,0,0,0,0,0,0,0,0,0,0,30,0,0,100,0,100,0,100,0,0
1112047,1112,47,1271,25806,422340,3.00,0,100,100,0,150,0,0,0,0,0,0,0,0,0,0,0,0,0,0,30,0,0,100,0,100,0,100,0,0
1112048,1112,48,1321,27231,451748,3.00,0,100,100,0,150,0,0,0,0,0,0,0,0,0,0,0,0,0,0,30,0,0,100,0,100,0,100,0,0
1112049,1112,49,1372,28711,482754,3.00,0,100,100,0,150,0,0,0,0,0,0,0,0,0,0,0,0,0,0,30,0,0,100,0,100,0,100,0,0
1112050,1112,50,1424,30247,515419,3.00,0,100,100,0,150,0,0,0,0,0,0,0,0,0,0,0,0,0,0,30,0,0,100,0,100,0,100,0,0
1122001,1122,1,1424,31783,549743,3.00,0,100,100,0,150,0,0,0,0,0,0,0,0,0,0,0,0,0,0,30,0,0,100,0,100,0,100,0,0
1122002,1122,2,1425,33320,585727,3.00,0,100,100,0,150,0,0,0,0,0,0,0,0,0,0,0,0,0,0,30,0,0,100,0,100,0,100,0,0
1122003,1122,3,1427,34860,623374,3.00,0,100,100,0,150,0,0,0,0,0,0,0,0,0,0,0,0,0,0,30,0,0,100,0,100,0,100,0,0
1122004,1122,4,1430,36403,662688,3.00,0,100,100,0,150,0,0,0,0,0,0,0,0,0,0,0,0,0,0,30,0,0,100,0,100,0,100,0,0
1122005,1122,5,1434,37950,703672,3.00,0,100,100,0,150,0,0,0,0,0,0,0,0,0,0,0,0,0,0,30,0,0,100,0,100,0,100,0,0
1122006,1122,6,1439,39503,746334,3.00,0,100,100,0,150,0,0,0,0,0,0,0,0,0,0,0,0,0,0,30,0,0,100,0,100,0,100,0,0
1122007,1122,7,1445,41062,790679,3.00,0,100,100,0,150,0,0,0,0,0,0,0,0,0,0,0,0,0,0,30,0,0,100,0,100,0,100,0,0
1122008,1122,8,1452,42629,836717,3.00,0,100,100,0,150,0,0,0,0,0,0,0,0,0,0,0,0,0,0,30,0,0,100,0,100,0,100,0,0
1122009,1122,9,1460,44204,884456,3.00,0,100,100,0,150,0,0,0,0,0,0,0,0,0,0,0,0,0,0,30,0,0,100,0,100,0,100,0,0
1122010,1122,10,1469,45789,933907,3.00,0,100,100,0,150,0,0,0,0,0,0,0,0,0,0,0,0,0,0,30,0,0,100,0,100,0,100,0,0
1122011,1122,11,1479,47385,985081,3.00,0,100,100,0,150,0,0,0,0,0,0,0,0,0,0,0,0,0,0,30,0,0,100,0,100,0,100,0,0
1122012,1122,12,1490,48993,1037992,3.00,0,100,100,0,150,0,0,0,0,0,0,0,0,0,0,0,0,0,0,30,0,0,100,0,100,0,100,0,0
1122013,1122,13,1502,50614,1092654,3.00,0,100,100,0,150,0,0,0,0,0,0,0,0,0,0,0,0,0,0,30,0,0,100,0,100,0,100,0,0
1122014,1122,14,1516,52250,1149082,3.00,0,100,100,0,150,0,0,0,0,0,0,0,0,0,0,0,0,0,0,30,0,0,100,0,100,0,100,0,0
1122015,1122,15,1531,53902,1207295,3.00,0,100,100,0,150,0,0,0,0,0,0,0,0,0,0,0,0,0,0,30,0,0,100,0,100,0,100,0,0
1122016,1122,16,1547,55571,1267310,3.00,0,100,100,0,150,0,0,0,0,0,0,0,0,0,0,0,0,0,0,30,0,0,100,0,100,0,100,0,0
1122017,1122,17,1564,57259,1329148,3.00,0,100,100,0,150,0,0,0,0,0,0,0,0,0,0,0,0,0,0,30,0,0,100,0,100,0,100,0,0
1122018,1122,18,1582,58966,1392830,3.00,0,100,100,0,150,0,0,0,0,0,0,0,0,0,0,0,0,0,0,30,0,0,100,0,100,0,100,0,0
1122019,1122,19,1601,60694,1458378,3.00,0,100,100,0,150,0,0,0,0,0,0,0,0,0,0,0,0,0,0,30,0,0,100,0,100,0,100,0,0
1122020,1122,20,1621,62443,1525815,3.00,0,100,100,0,150,0,0,0,0,0,0,0,0,0,0,0,0,0,0,30,0,0,100,0,100,0,100,0,0
1122021,1122,21,1642,64215,1595166,3.00,0,100,100,0,150,0,0,0,0,0,0,0,0,0,0,0,0,0,0,30,0,0,100,0,100,0,100,0,0
1122022,1122,22,1664,66011,1666456,3.00,0,100,100,0,150,0,0,0,0,0,0,0,0,0,0,0,0,0,0,30,0,0,100,0,100,0,100,0,0
1122023,1122,23,1687,67831,1739712,3.00,0,100,100,0,150,0,0,0,0,0,0,0,0,0,0,0,0,0,0,30,0,0,100,0,100,0,100,0,0
1122024,1122,24,1711,69677,1814962,3.00,0,100,100,0,150,0,0,0,0,0,0,0,0,0,0,0,0,0,0,30,0,0,100,0,100,0,100,0,0
1122025,1122,25,1736,71550,1892234,3.00,0,100,100,0,150,0,0,0,0,0,0,0,0,0,0,0,0,0,0,30,0,0,100,0,100,0,100,0,0
1122026,1122,26,1763,73452,1971561,3.00,0,100,100,0,150,0,0,0,0,0,0,0,0,0,0,0,0,0,0,30,0,0,100,0,100,0,100,0,0
1122027,1122,27,1791,75385,2052975,3.00,0,100,100,0,150,0,0,0,0,0,0,0,0,0,0,0,0,0,0,30,0,0,100,0,100,0,100,0,0
1122028,1122,28,1820,77349,2136510,3.00,0,100,100,0,150,0,0,0,0,0,0,0,0,0,0,0,0,0,0,30,0,0,100,0,100,0,100,0,0
1122029,1122,29,1850,79345,2222201,3.00,0,100,100,0,150,0,0,0,0,0,0,0,0,0,0,0,0,0,0,30,0,0,100,0,100,0,100,0,0
1122030,1122,30,1881,81375,2310084,3.00,0,100,100,0,150,0,0,0,0,0,0,0,0,0,0,0,0,0,0,30,0,0,100,0,100,0,100,0,0
1122031,1122,31,1913,83439,2400197,3.00,0,100,100,0,150,0,0,0,0,0,0,0,0,0,0,0,0,0,0,30,0,0,100,0,100,0,100,0,0
1122032,1122,32,1946,85539,2492578,3.00,0,100,100,0,150,0,0,0,0,0,0,0,0,0,0,0,0,0,0,30,0,0,100,0,100,0,100,0,0
1122033,1122,33,1980,87676,2587267,3.00,0,100,100,0,150,0,0,0,0,0,0,0,0,0,0,0,0,0,0,30,0,0,100,0,100,0,100,0,0
1122034,1122,34,2015,89851,2684305,3.00,0,100,100,0,150,0,0,0,0,0,0,0,0,0,0,0,0,0,0,30,0,0,100,0,100,0,100,0,0
1122035,1122,35,2051,92065,2783734,3.00,0,100,100,0,150,0,0,0,0,0,0,0,0,0,0,0,0,0,0,30,0,0,100,0,100,0,100,0,0
1122036,1122,36,2088,94318,2885596,3.00,0,100,100,0,150,0,0,0,0,0,0,0,0,0,0,0,0,0,0,30,0,0,100,0,100,0,100,0,0
1122037,1122,37,2126,96613,2989936,3.00,0,100,100,0,150,0,0,0,0,0,0,0,0,0,0,0,0,0,0,30,0,0,100,0,100,0,100,0,0
1122038,1122,38,2165,98950,3096800,3.00,0,100,100,0,150,0,0,0,0,0,0,0,0,0,0,0,0,0,0,30,0,0,100,0,100,0,100,0,0
1122039,1122,39,2206,101331,3206236,3.00,0,100,100,0,150,0,0,0,0,0,0,0,0,0,0,0,0,0,0,30,0,0,100,0,100,0,100,0,0
1122040,1122,40,2248,103757,3318292,3.00,0,100,100,0,150,0,0,0,0,0,0,0,0,0,0,0,0,0,0,30,0,0,100,0,100,0,100,0,0
1122041,1122,41,2291,106230,3433019,3.00,0,100,100,0,150,0,0,0,0,0,0,0,0,0,0,0,0,0,0,30,0,0,100,0,100,0,100,0,0
1122042,1122,42,2335,108750,3550467,3.00,0,100,100,0,150,0,0,0,0,0,0,0,0,0,0,0,0,0,0,30,0,0,100,0,100,0,100,0,0
1122043,1122,43,2380,111319,3670690,3.00,0,100,100,0,150,0,0,0,0,0,0,0,0,0,0,0,0,0,0,30,0,0,100,0,100,0,100,0,0
1122044,1122,44,2426,113938,3793741,3.00,0,100,100,0,150,0,0,0,0,0,0,0,0,0,0,0,0,0,0,30,0,0,100,0,100,0,100,0,0
1122045,1122,45,2473,116607,3919675,3.00,0,100,100,0,150,0,0,0,0,0,0,0,0,0,0,0,0,0,0,30,0,0,100,0,100,0,100,0,0
1122046,1122,46,2521,119328,4048548,3.00,0,100,100,0,150,0,0,0,0,0,0,0,0,0,0,0,0,0,0,30,0,0,100,0,100,0,100,0,0
1122047,1122,47,2570,122102,4180417,3.00,0,100,100,0,150,0,0,0,0,0,0,0,0,0,0,0,0,0,0,30,0,0,100,0,100,0,100,0,0
1122048,1122,48,2620,124930,4315340,3.00,0,100,100,0,150,0,0,0,0,0,0,0,0,0,0,0,0,0,0,30,0,0,100,0,100,0,100,0,0
1122049,1122,49,2671,127813,4453376,3.00,0,100,100,0,150,0,0,0,0,0,0,0,0,0,0,0,0,0,0,30,0,0,100,0,100,0,100,0,0
1122050,1122,50,2723,130752,4594587,3.00,0,100,100,0,150,0,0,0,0,0,0,0,0,0,0,0,0,0,0,30,0,0,100,0,100,0,100,0,0
1113001,1113,1,150,30,7500,1.00,0,100,100,0,150,0,0,0,0,0,0,0,0,0,0,0,0,0,0,0,0,10,100,0,100,0,100,0,0
1113002,1113,2,151,192,7706,1.00,0,100,100,0,150,0,0,0,0,0,0,0,0,0,0,0,0,0,0,0,0,10,100,0,100,0,100,0,0
1113003,1113,3,153,356,8089,1.00,0,100,100,0,150,0,0,0,0,0,0,0,0,0,0,0,0,0,0,0,0,10,100,0,100,0,100,0,0
1113004,1113,4,156,523,8652,1.00,0,100,100,0,150,0,0,0,0,0,0,0,0,0,0,0,0,0,0,0,0,10,100,0,100,0,100,0,0
1113005,1113,5,160,694,9400,1.00,0,100,100,0,150,0,0,0,0,0,0,0,0,0,0,0,0,0,0,0,0,10,100,0,100,0,100,0,0
1113006,1113,6,165,871,10339,1.00,0,100,100,0,150,0,0,0,0,0,0,0,0,0,0,0,0,0,0,0,0,10,100,0,100,0,100,0,0
1113007,1113,7,171,1054,11476,1.00,0,100,100,0,150,0,0,0,0,0,0,0,0,0,0,0,0,0,0,0,0,10,100,0,100,0,100,0,0
1113008,1113,8,178,1245,12819,1.00,0,100,100,0,150,0,0,0,0,0,0,0,0,0,0,0,0,0,0,0,0,10,100,0,100,0,100,0,0
1113009,1113,9,186,1444,14377,1.00,0,100,100,0,150,0,0,0,0,0,0,0,0,0,0,0,0,0,0,0,0,10,100,0,100,0,100,0,0
1113010,1113,10,195,1653,16161,1.00,0,100,100,0,150,0,0,0,0,0,0,0,0,0,0,0,0,0,0,0,0,10,100,0,100,0,100,0,0
1113011,1113,11,205,1873,18182,1.00,0,100,100,0,150,0,0,0,0,0,0,0,0,0,0,0,0,0,0,0,0,10,100,0,100,0,100,0,0
1113012,1113,12,216,2105,20454,1.00,0,100,100,0,150,0,0,0,0,0,0,0,0,0,0,0,0,0,0,0,0,10,100,0,100,0,100,0,0
1113013,1113,13,228,2350,22990,1.00,0,100,100,0,150,0,0,0,0,0,0,0,0,0,0,0,0,0,0,0,0,10,100,0,100,0,100,0,0
1113014,1113,14,242,2610,25807,1.00,0,100,100,0,150,0,0,0,0,0,0,0,0,0,0,0,0,0,0,0,0,10,100,0,100,0,100,0,0
1113015,1113,15,257,2886,28922,1.00,0,100,100,0,150,0,0,0,0,0,0,0,0,0,0,0,0,0,0,0,0,10,100,0,100,0,100,0,0
1113016,1113,16,273,3179,32354,1.00,0,100,100,0,150,0,0,0,0,0,0,0,0,0,0,0,0,0,0,0,0,10,100,0,100,0,100,0,0
1113017,1113,17,290,3491,36123,1.00,0,100,100,0,150,0,0,0,0,0,0,0,0,0,0,0,0,0,0,0,0,10,100,0,100,0,100,0,0
1113018,1113,18,308,3822,40249,1.00,0,100,100,0,150,0,0,0,0,0,0,0,0,0,0,0,0,0,0,0,0,10,100,0,100,0,100,0,0
1113019,1113,19,327,4174,44755,1.00,0,100,100,0,150,0,0,0,0,0,0,0,0,0,0,0,0,0,0,0,0,10,100,0,100,0,100,0,0
1113020,1113,20,347,4547,49664,1.00,0,100,100,0,150,0,0,0,0,0,0,0,0,0,0,0,0,0,0,0,0,10,100,0,100,0,100,0,0
1113021,1113,21,368,4943,55001,1.00,0,100,100,0,150,0,0,0,0,0,0,0,0,0,0,0,0,0,0,0,0,10,100,0,100,0,100,0,0
1113022,1113,22,390,5363,60791,1.00,0,100,100,0,150,0,0,0,0,0,0,0,0,0,0,0,0,0,0,0,0,10,100,0,100,0,100,0,0
1113023,1113,23,413,5807,67061,1.00,0,100,100,0,150,0,0,0,0,0,0,0,0,0,0,0,0,0,0,0,0,10,100,0,100,0,100,0,0
1113024,1113,24,437,6277,73839,1.00,0,100,100,0,150,0,0,0,0,0,0,0,0,0,0,0,0,0,0,0,0,10,100,0,100,0,100,0,0
1113025,1113,25,462,6774,81153,1.00,0,100,100,0,150,0,0,0,0,0,0,0,0,0,0,0,0,0,0,0,0,10,100,0,100,0,100,0,0
1113026,1113,26,489,7301,89037,1.00,0,100,100,0,150,0,0,0,0,0,0,0,0,0,0,0,0,0,0,0,0,10,100,0,100,0,100,0,0
1113027,1113,27,517,7858,97522,1.00,0,100,100,0,150,0,0,0,0,0,0,0,0,0,0,0,0,0,0,0,0,10,100,0,100,0,100,0,0
1113028,1113,28,546,8446,106642,1.00,0,100,100,0,150,0,0,0,0,0,0,0,0,0,0,0,0,0,0,0,0,10,100,0,100,0,100,0,0
1113029,1113,29,576,9067,116433,1.00,0,100,100,0,150,0,0,0,0,0,0,0,0,0,0,0,0,0,0,0,0,10,100,0,100,0,100,0,0
1113030,1113,30,607,9721,126930,1.00,0,100,100,0,150,0,0,0,0,0,0,0,0,0,0,0,0,0,0,0,0,10,100,0,100,0,100,0,0
1113031,1113,31,639,10410,138171,1.00,0,100,100,0,150,0,0,0,0,0,0,0,0,0,0,0,0,0,0,0,0,10,100,0,100,0,100,0,0
1113032,1113,32,672,11134,150194,1.00,0,100,100,0,150,0,0,0,0,0,0,0,0,0,0,0,0,0,0,0,0,10,100,0,100,0,100,0,0
1113033,1113,33,706,11895,163039,1.00,0,100,100,0,150,0,0,0,0,0,0,0,0,0,0,0,0,0,0,0,0,10,100,0,100,0,100,0,0
1113034,1113,34,741,12694,176747,1.00,0,100,100,0,150,0,0,0,0,0,0,0,0,0,0,0,0,0,0,0,0,10,100,0,100,0,100,0,0
1113035,1113,35,777,13532,191360,1.00,0,100,100,0,150,0,0,0,0,0,0,0,0,0,0,0,0,0,0,0,0,10,100,0,100,0,100,0,0
1113036,1113,36,814,14410,206921,1.00,0,100,100,0,150,0,0,0,0,0,0,0,0,0,0,0,0,0,0,0,0,10,100,0,100,0,100,0,0
1113037,1113,37,852,15329,223475,1.00,0,100,100,0,150,0,0,0,0,0,0,0,0,0,0,0,0,0,0,0,0,10,100,0,100,0,100,0,0
1113038,1113,38,891,16290,241067,1.00,0,100,100,0,150,0,0,0,0,0,0,0,0,0,0,0,0,0,0,0,0,10,100,0,100,0,100,0,0
1113039,1113,39,932,17295,259744,1.00,0,100,100,0,150,0,0,0,0,0,0,0,0,0,0,0,0,0,0,0,0,10,100,0,100,0,100,0,0
1113040,1113,40,974,18345,279555,1.00,0,100,100,0,150,0,0,0,0,0,0,0,0,0,0,0,0,0,0,0,0,10,100,0,100,0,100,0,0
1113041,1113,41,1017,19442,300551,1.00,0,100,100,0,150,0,0,0,0,0,0,0,0,0,0,0,0,0,0,0,0,10,100,0,100,0,100,0,0
1113042,1113,42,1061,20586,322782,1.00,0,100,100,0,150,0,0,0,0,0,0,0,0,0,0,0,0,0,0,0,0,10,100,0,100,0,100,0,0
1113043,1113,43,1106,21779,346302,1.00,0,100,100,0,150,0,0,0,0,0,0,0,0,0,0,0,0,0,0,0,0,10,100,0,100,0,100,0,0
1113044,1113,44,1152,23022,371164,1.00,0,100,100,0,150,0,0,0,0,0,0,0,0,0,0,0,0,0,0,0,0,10,100,0,100,0,100,0,0
1113045,1113,45,1199,24315,397423,1.00,0,100,100,0,150,0,0,0,0,0,0,0,0,0,0,0,0,0,0,0,0,10,100,0,100,0,100,0,0
1113046,1113,46,1247,25660,425134,1.00,0,100,100,0,150,0,0,0,0,0,0,0,0,0,0,0,0,0,0,0,0,10,100,0,100,0,100,0,0
1113047,1113,47,1296,27058,454355,1.00,0,100,100,0,150,0,0,0,0,0,0,0,0,0,0,0,0,0,0,0,0,10,100,0,100,0,100,0,0
1113048,1113,48,1346,28510,485144,1.00,0,100,100,0,150,0,0,0,0,0,0,0,0,0,0,0,0,0,0,0,0,10,100,0,100,0,100,0,0
1113049,1113,49,1397,30017,517561,1.00,0,100,100,0,150,0,0,0,0,0,0,0,0,0,0,0,0,0,0,0,0,10,100,0,100,0,100,0,0
1113050,1113,50,1449,31580,551666,1.00,0,100,100,0,150,0,0,0,0,0,0,0,0,0,0,0,0,0,0,0,0,10,100,0,100,0,100,0,0
1123001,1123,1,1449,33143,587459,1.00,0,100,100,0,150,0,0,0,0,0,0,0,0,0,0,0,0,0,0,0,0,10,100,0,100,0,100,0,0
1123002,1123,2,1450,34707,624941,1.00,0,100,100,0,150,0,0,0,0,0,0,0,0,0,0,0,0,0,0,0,0,10,100,0,100,0,100,0,0
1123003,1123,3,1452,36274,664115,1.00,0,100,100,0,150,0,0,0,0,0,0,0,0,0,0,0,0,0,0,0,0,10,100,0,100,0,100,0,0
1123004,1123,4,1455,37844,704985,1.00,0,100,100,0,150,0,0,0,0,0,0,0,0,0,0,0,0,0,0,0,0,10,100,0,100,0,100,0,0
1123005,1123,5,1459,39418,747555,1.00,0,100,100,0,150,0,0,0,0,0,0,0,0,0,0,0,0,0,0,0,0,10,100,0,100,0,100,0,0
1123006,1123,6,1464,40998,791831,1.00,0,100,100,0,150,0,0,0,0,0,0,0,0,0,0,0,0,0,0,0,0,10,100,0,100,0,100,0,0
1123007,1123,7,1470,42584,837820,1.00,0,100,100,0,150,0,0,0,0,0,0,0,0,0,0,0,0,0,0,0,0,10,100,0,100,0,100,0,0
1123008,1123,8,1477,44178,885531,1.00,0,100,100,0,150,0,0,0,0,0,0,0,0,0,0,0,0,0,0,0,0,10,100,0,100,0,100,0,0
1123009,1123,9,1485,45780,934972,1.00,0,100,100,0,150,0,0,0,0,0,0,0,0,0,0,0,0,0,0,0,0,10,100,0,100,0,100,0,0
1123010,1123,10,1494,47392,986154,1.00,0,100,100,0,150,0,0,0,0,0,0,0,0,0,0,0,0,0,0,0,0,10,100,0,100,0,100,0,0
1123011,1123,11,1504,49015,1039089,1.00,0,100,100,0,150,0,0,0,0,0,0,0,0,0,0,0,0,0,0,0,0,10,100,0,100,0,100,0,0
1123012,1123,12,1515,50650,1093789,1.00,0,100,100,0,150,0,0,0,0,0,0,0,0,0,0,0,0,0,0,0,0,10,100,0,100,0,100,0,0
1123013,1123,13,1527,52298,1150269,1.00,0,100,100,0,150,0,0,0,0,0,0,0,0,0,0,0,0,0,0,0,0,10,100,0,100,0,100,0,0
1123014,1123,14,1541,53961,1208545,1.00,0,100,100,0,150,0,0,0,0,0,0,0,0,0,0,0,0,0,0,0,0,10,100,0,100,0,100,0,0
1123015,1123,15,1556,55640,1268635,1.00,0,100,100,0,150,0,0,0,0,0,0,0,0,0,0,0,0,0,0,0,0,10,100,0,100,0,100,0,0
1123016,1123,16,1572,57336,1330556,1.00,0,100,100,0,150,0,0,0,0,0,0,0,0,0,0,0,0,0,0,0,0,10,100,0,100,0,100,0,0
1123017,1123,17,1589,59051,1394330,1.00,0,100,100,0,150,0,0,0,0,0,0,0,0,0,0,0,0,0,0,0,0,10,100,0,100,0,100,0,0
1123018,1123,18,1607,60785,1459976,1.00,0,100,100,0,150,0,0,0,0,0,0,0,0,0,0,0,0,0,0,0,0,10,100,0,100,0,100,0,0
1123019,1123,19,1626,62540,1527518,1.00,0,100,100,0,150,0,0,0,0,0,0,0,0,0,0,0,0,0,0,0,0,10,100,0,100,0,100,0,0
1123020,1123,20,1646,64316,1596978,1.00,0,100,100,0,150,0,0,0,0,0,0,0,0,0,0,0,0,0,0,0,0,10,100,0,100,0,100,0,0
1123021,1123,21,1667,66115,1668381,1.00,0,100,100,0,150,0,0,0,0,0,0,0,0,0,0,0,0,0,0,0,0,10,100,0,100,0,100,0,0
1123022,1123,22,1689,67938,1741752,1.00,0,100,100,0,150,0,0,0,0,0,0,0,0,0,0,0,0,0,0,0,0,10,100,0,100,0,100,0,0
1123023,1123,23,1712,69785,1817118,1.00,0,100,100,0,150,0,0,0,0,0,0,0,0,0,0,0,0,0,0,0,0,10,100,0,100,0,100,0,0
1123024,1123,24,1736,71658,1894507,1.00,0,100,100,0,150,0,0,0,0,0,0,0,0,0,0,0,0,0,0,0,0,10,100,0,100,0,100,0,0
1123025,1123,25,1761,73558,1973948,1.00,0,100,100,0,150,0,0,0,0,0,0,0,0,0,0,0,0,0,0,0,0,10,100,0,100,0,100,0,0
1123026,1123,26,1788,75487,2055472,1.00,0,100,100,0,150,0,0,0,0,0,0,0,0,0,0,0,0,0,0,0,0,10,100,0,100,0,100,0,0
1123027,1123,27,1816,77447,2139113,1.00,0,100,100,0,150,0,0,0,0,0,0,0,0,0,0,0,0,0,0,0,0,10,100,0,100,0,100,0,0
1123028,1123,28,1845,79438,2224904,1.00,0,100,100,0,150,0,0,0,0,0,0,0,0,0,0,0,0,0,0,0,0,10,100,0,100,0,100,0,0
1123029,1123,29,1875,81461,2312880,1.00,0,100,100,0,150,0,0,0,0,0,0,0,0,0,0,0,0,0,0,0,0,10,100,0,100,0,100,0,0
1123030,1123,30,1906,83518,2403078,1.00,0,100,100,0,150,0,0,0,0,0,0,0,0,0,0,0,0,0,0,0,0,10,100,0,100,0,100,0,0
1123031,1123,31,1938,85609,2495534,1.00,0,100,100,0,150,0,0,0,0,0,0,0,0,0,0,0,0,0,0,0,0,10,100,0,100,0,100,0,0
1123032,1123,32,1971,87736,2590287,1.00,0,100,100,0,150,0,0,0,0,0,0,0,0,0,0,0,0,0,0,0,0,10,100,0,100,0,100,0,0
1123033,1123,33,2005,89900,2687377,1.00,0,100,100,0,150,0,0,0,0,0,0,0,0,0,0,0,0,0,0,0,0,10,100,0,100,0,100,0,0
1123034,1123,34,2040,92102,2786846,1.00,0,100,100,0,150,0,0,0,0,0,0,0,0,0,0,0,0,0,0,0,0,10,100,0,100,0,100,0,0
1123035,1123,35,2076,94343,2888735,1.00,0,100,100,0,150,0,0,0,0,0,0,0,0,0,0,0,0,0,0,0,0,10,100,0,100,0,100,0,0
1123036,1123,36,2113,96623,2993086,1.00,0,100,100,0,150,0,0,0,0,0,0,0,0,0,0,0,0,0,0,0,0,10,100,0,100,0,100,0,0
1123037,1123,37,2151,98945,3099945,1.00,0,100,100,0,150,0,0,0,0,0,0,0,0,0,0,0,0,0,0,0,0,10,100,0,100,0,100,0,0
1123038,1123,38,2190,101309,3209357,1.00,0,100,100,0,150,0,0,0,0,0,0,0,0,0,0,0,0,0,0,0,0,10,100,0,100,0,100,0,0
1123039,1123,39,2231,103717,3321370,1.00,0,100,100,0,150,0,0,0,0,0,0,0,0,0,0,0,0,0,0,0,0,10,100,0,100,0,100,0,0
1123040,1123,40,2273,106170,3436032,1.00,0,100,100,0,150,0,0,0,0,0,0,0,0,0,0,0,0,0,0,0,0,10,100,0,100,0,100,0,0
1123041,1123,41,2316,108670,3553394,1.00,0,100,100,0,150,0,0,0,0,0,0,0,0,0,0,0,0,0,0,0,0,10,100,0,100,0,100,0,0
1123042,1123,42,2360,111217,3673507,1.00,0,100,100,0,150,0,0,0,0,0,0,0,0,0,0,0,0,0,0,0,0,10,100,0,100,0,100,0,0
1123043,1123,43,2405,113813,3796423,1.00,0,100,100,0,150,0,0,0,0,0,0,0,0,0,0,0,0,0,0,0,0,10,100,0,100,0,100,0,0
1123044,1123,44,2451,116459,3922197,1.00,0,100,100,0,150,0,0,0,0,0,0,0,0,0,0,0,0,0,0,0,0,10,100,0,100,0,100,0,0
1123045,1123,45,2498,119155,4050883,1.00,0,100,100,0,150,0,0,0,0,0,0,0,0,0,0,0,0,0,0,0,0,10,100,0,100,0,100,0,0
1123046,1123,46,2546,121903,4182537,1.00,0,100,100,0,150,0,0,0,0,0,0,0,0,0,0,0,0,0,0,0,0,10,100,0,100,0,100,0,0
1123047,1123,47,2595,124704,4317216,1.00,0,100,100,0,150,0,0,0,0,0,0,0,0,0,0,0,0,0,0,0,0,10,100,0,100,0,100,0,0
1123048,1123,48,2645,127559,4454978,1.00,0,100,100,0,150,0,0,0,0,0,0,0,0,0,0,0,0,0,0,0,0,10,100,0,100,0,100,0,0
1123049,1123,49,2696,130469,4595883,1.00,0,100,100,0,150,0,0,0,0,0,0,0,0,0,0,0,0,0,0,0,0,10,100,0,100,0,100,0,0
1123050,1123,50,2748,133435,4739991,1.00,0,100,100,0,150,0,0,0,0,0,0,0,0,0,0,0,0,0,0,0,0,10,100,0,100,0,100,0,0